{
  "project_info": {
    "project_number": "620542010748",
    "firebase_url": "https://fir-app-b820a-default-rtdb.firebaseio.com",
    "project_id": "fir-app-b820a",
    "storage_bucket": "fir-app-b820a.appspot.com"
  },
  "client": [
    {
      "client_info": {
        "mobilesdk_app_id": "1:620542010748:android:13f5b4e93b00030f2db0f9",
        "android_client_info": {
          "package_name": "com.example.practice"
        }
      },
      "oauth_client": [],
      "api_key": [
        {
          "current_key": "AIzaSyC07hM6CPi4AH3NdftXlWVGF5YO7MVhb9k"
        }
      ],
      "services": {
        "appinvite_service": {
          "other_platform_oauth_client": []
        }
      }
    }
  ],
  "configuration_version": "1"
}